text,labels
Totally dissatisfied with this 😭,negative
I regret trying this 🤬,negative
Could not be happier 👍,positive
Feeling great about this 😊,positive
So happy with the result 😊,positive
This exceeded my expectations 😊,positive
This does not work at all 🙄,negative
This exceeded my expectations 👍,positive
This exceeded my expectations 👌,positive
I absolutely hate this 😭,negative
I absolutely love this ✨,positive
This made my day 👌,positive
This is amazing 😁,positive
Very unhappy with this 😡,negative
This exceeded my expectations 😊,positive
I really enjoyed this 💯,positive
Very unhappy with this 😞,negative
So disappointed with this 😞,negative
Totally satisfied with this 👍,positive
Totally dissatisfied with this 😭,negative
I absolutely hate this 🤬,negative
I regret trying this 👎,negative
Could not be happier ✨,positive
This is terrible 🤬,negative
I absolutely hate this 😭,negative
I really enjoyed this ✨,positive
This was a waste of time 😭,negative
Totally dissatisfied with this 🙄,negative
This works perfectly 🔥,positive
This made my day 😊,positive
So happy with the result 😍,positive
So disappointed with this 😡,negative
Very unhappy with this 🤬,negative
Very unhappy with this 👎,negative
So disappointed with this 🙄,negative
This is amazing 😁,positive
This made my day 💯,positive
Could not be happier 💯,positive
This was a waste of time 😭,negative
This ruined my day 👎,negative
This was a waste of time 😡,negative
This made my day ✨,positive
This is amazing 😁,positive
So happy with the result ✨,positive
Could not be happier 😍,positive
This exceeded my expectations 💯,positive
Feeling great about this 😍,positive
Totally dissatisfied with this 😡,negative
Totally satisfied with this 👌,positive
So disappointed with this 😞,negative
I absolutely hate this 💀,negative
I regret trying this 🙄,negative
Totally dissatisfied with this 😤,negative
Very unhappy with this 😤,negative
This does not work at all 😭,negative
Feeling great about this 😁,positive
I really enjoyed this 🔥,positive
This works perfectly 😍,positive
Very unhappy with this 🙄,negative
This is terrible 😡,negative
This was a waste of time 😭,negative
I really enjoyed this 💯,positive
Feeling great about this 💯,positive
This is terrible 🙄,negative
This is terrible 😤,negative
I absolutely hate this 💀,negative
This exceeded my expectations 👍,positive
I regret trying this 🙄,negative
I really enjoyed this 👍,positive
Totally satisfied with this 😍,positive
This works perfectly 😍,positive
This is amazing 💯,positive
This works perfectly 👍,positive
So disappointed with this 👎,negative
This does not work at all 😡,negative
Feeling great about this 👌,positive
Could not be happier 👍,positive
This ruined my day 😭,negative
This exceeded my expectations 😊,positive
This works perfectly ✨,positive
This does not work at all 😡,negative
This is terrible 😤,negative
Feeling awful about this 🤬,negative
This works perfectly 🔥,positive
I really enjoyed this 👌,positive
Totally dissatisfied with this 🤬,negative
Could not be happier 😁,positive
Totally satisfied with this 👌,positive
I absolutely love this 😊,positive
This is terrible 😞,negative
This is amazing ✨,positive
This does not work at all 😡,negative
So happy with the result 🔥,positive
Totally satisfied with this ✨,positive
Totally dissatisfied with this 😭,negative
Feeling great about this ✨,positive
Totally satisfied with this 👍,positive
This made my day 😁,positive
This made my day ✨,positive
This made my day 👌,positive
So disappointed with this 🙄,negative
So disappointed with this 😭,negative
This is amazing 😁,positive
So disappointed with this 😞,negative
This does not work at all 👎,negative
I absolutely hate this 💀,negative
Totally dissatisfied with this 🤬,negative
This does not work at all 🙄,negative
So happy with the result 💯,positive
So happy with the result 😍,positive
This is amazing 👌,positive
I absolutely hate this 😡,negative
This was a waste of time 😞,negative
Feeling great about this 😁,positive
I really enjoyed this 👌,positive
This exceeded my expectations 😁,positive
This ruined my day 😤,negative
I regret trying this 😞,negative
I regret trying this 💀,negative
Feeling great about this 👍,positive
So disappointed with this 😞,negative
Could not be happier 👌,positive
I really enjoyed this 💯,positive
This made my day 😊,positive
This is amazing 😁,positive
I really enjoyed this 😊,positive
This is terrible 😭,negative
I really enjoyed this 😍,positive
I really enjoyed this 😍,positive
This was a waste of time 😞,negative
I really enjoyed this ✨,positive
Very unhappy with this 😡,negative
Totally satisfied with this 👍,positive
Could not be happier 💯,positive
So disappointed with this 😡,negative
So happy with the result ✨,positive
This is amazing 🔥,positive
This was a waste of time 😡,negative
This ruined my day 😞,negative
This does not work at all 😡,negative
Could not be happier 💯,positive
This made my day 💯,positive
This is terrible 🤬,negative
This works perfectly 😁,positive
This works perfectly 😁,positive
So happy with the result 🔥,positive
Feeling awful about this 💀,negative
Very unhappy with this 😭,negative
So disappointed with this 😞,negative
I really enjoyed this 🔥,positive
Totally dissatisfied with this 😡,negative
I really enjoyed this 😍,positive
I really enjoyed this 🔥,positive
This is amazing 😍,positive
Feeling great about this 💯,positive
So disappointed with this 💀,negative
I absolutely hate this 👎,negative
I absolutely hate this 💀,negative
This ruined my day 😤,negative
This works perfectly 👍,positive
So happy with the result 🔥,positive
Totally satisfied with this 😊,positive
This was a waste of time 😡,negative
This is terrible 💀,negative
Very unhappy with this 👎,negative
This does not work at all 🤬,negative
Feeling great about this 👌,positive
I absolutely hate this 💀,negative
I absolutely love this 😁,positive
This does not work at all 💀,negative
This does not work at all 😞,negative
Totally dissatisfied with this 🙄,negative
I absolutely hate this 😤,negative
This does not work at all 🤬,negative
This exceeded my expectations 🔥,positive
Totally dissatisfied with this 🙄,negative
So disappointed with this 🙄,negative
So happy with the result 👍,positive
I regret trying this 😞,negative
Totally dissatisfied with this 🙄,negative
So happy with the result 👍,positive
Totally satisfied with this 😊,positive
Totally satisfied with this 😁,positive
So disappointed with this 😡,negative
This is amazing 🔥,positive
This made my day 💯,positive
So happy with the result 💯,positive
This works perfectly 🔥,positive
This ruined my day 🤬,negative
I absolutely hate this 😞,negative
I really enjoyed this 😊,positive
This made my day 😍,positive
Totally satisfied with this 🔥,positive
This works perfectly ✨,positive
This exceeded my expectations 😊,positive
I absolutely love this 😁,positive
Feeling great about this 👍,positive
Totally dissatisfied with this 🙄,negative
This works perfectly 😁,positive
This exceeded my expectations ✨,positive
So disappointed with this 😭,negative
Totally dissatisfied with this 😞,negative
I absolutely love this 😊,positive
This was a waste of time 🙄,negative
This works perfectly 💯,positive
Feeling awful about this 😭,negative
This made my day ✨,positive
So disappointed with this 🙄,negative
I absolutely love this 😁,positive
This is terrible 🤬,negative
This made my day 😁,positive
This was a waste of time 😞,negative
Feeling awful about this 😤,negative
This is amazing ✨,positive
Totally satisfied with this 😊,positive
Feeling awful about this 🤬,negative
This works perfectly 😊,positive
This made my day ✨,positive
Totally dissatisfied with this 😡,negative
This exceeded my expectations ✨,positive
This works perfectly 🔥,positive
This made my day 👌,positive
Feeling awful about this 😡,negative
This does not work at all 👎,negative
This was a waste of time 🤬,negative
This was a waste of time 🙄,negative
Very unhappy with this 😭,negative
Feeling great about this 😊,positive
So disappointed with this 👎,negative
I really enjoyed this 🔥,positive
Very unhappy with this 😤,negative
This made my day 👌,positive
This ruined my day 😡,negative
This is amazing 😊,positive
This ruined my day 😭,negative
This is terrible 😞,negative
So happy with the result 😍,positive
Totally satisfied with this 😁,positive
Feeling great about this 😍,positive
This exceeded my expectations 😁,positive
This does not work at all 💀,negative
This made my day 🔥,positive
This does not work at all 😡,negative
This ruined my day 🤬,negative
Could not be happier 😍,positive
I absolutely love this 😊,positive
I absolutely hate this 🤬,negative
Very unhappy with this 🤬,negative
Very unhappy with this 😤,negative
So happy with the result 🔥,positive
I regret trying this 🤬,negative
This is terrible 😡,negative
I regret trying this 👎,negative
This exceeded my expectations 😍,positive
This does not work at all 🤬,negative
Totally dissatisfied with this 🤬,negative
This exceeded my expectations 😊,positive
I regret trying this 🙄,negative
Feeling awful about this 🙄,negative
Very unhappy with this 🤬,negative
This is amazing 🔥,positive
Feeling great about this 👍,positive
I absolutely hate this 👎,negative
This works perfectly 💯,positive
Very unhappy with this 💀,negative
I regret trying this 😭,negative
Feeling awful about this 💀,negative
Very unhappy with this 💀,negative
This works perfectly 🔥,positive
So happy with the result 🔥,positive
This works perfectly 👌,positive
Totally satisfied with this 😁,positive
This is terrible 😡,negative
So disappointed with this 😡,negative
This works perfectly 😊,positive
Feeling awful about this 😡,negative
Totally dissatisfied with this 🤬,negative
This is terrible 🤬,negative
This does not work at all 😤,negative
Very unhappy with this 😡,negative
So happy with the result 😊,positive
So disappointed with this 😭,negative
This works perfectly 💯,positive
This is amazing 😍,positive
This is amazing 👌,positive
Totally satisfied with this 👍,positive
This made my day 🔥,positive
Feeling awful about this 🙄,negative
Feeling great about this 💯,positive
So disappointed with this 🤬,negative
I absolutely hate this 🤬,negative
This ruined my day 👎,negative
Totally satisfied with this 💯,positive
I absolutely love this 🔥,positive
This ruined my day 😭,negative
I absolutely hate this 👎,negative
This does not work at all 🙄,negative
This is terrible 🙄,negative
This made my day 💯,positive
I regret trying this 😞,negative
Totally satisfied with this 🔥,positive
I regret trying this 😞,negative
So disappointed with this 🤬,negative
So disappointed with this 🤬,negative
So disappointed with this 👎,negative
Totally satisfied with this 💯,positive
I absolutely hate this 😤,negative
Could not be happier 😊,positive
Feeling great about this 😊,positive
This does not work at all 😡,negative
This ruined my day 🤬,negative
So disappointed with this 😤,negative
This does not work at all 🤬,negative
This exceeded my expectations 🔥,positive
This is amazing 😁,positive
Feeling awful about this 🙄,negative
This made my day 👌,positive
So happy with the result ✨,positive
So disappointed with this 😤,negative
Could not be happier 😊,positive
This exceeded my expectations 👍,positive
I really enjoyed this 👍,positive
I absolutely love this 😁,positive
Feeling great about this 🔥,positive
This exceeded my expectations 🔥,positive
This exceeded my expectations 🔥,positive
This ruined my day 🤬,negative
This works perfectly 😁,positive
I absolutely love this 😊,positive
I regret trying this 🙄,negative
Feeling great about this 😊,positive
I regret trying this 😤,negative
Could not be happier 🔥,positive
This was a waste of time 😡,negative
This is terrible 🙄,negative
I absolutely hate this 😡,negative
Totally dissatisfied with this 😡,negative
This exceeded my expectations 👌,positive
This exceeded my expectations 🔥,positive
This does not work at all 💀,negative
This made my day 😍,positive
I absolutely love this 👍,positive
Totally dissatisfied with this 🙄,negative
I regret trying this 😡,negative
Totally satisfied with this 🔥,positive
This works perfectly 😊,positive
This exceeded my expectations ✨,positive
So happy with the result 👌,positive
Could not be happier 💯,positive
I regret trying this 😡,negative
So happy with the result 👌,positive
This is terrible 😡,negative
I absolutely hate this 😞,negative
I really enjoyed this 💯,positive
This is terrible 😞,negative
I absolutely love this 😁,positive
Very unhappy with this 😡,negative
Very unhappy with this 💀,negative
This ruined my day 🤬,negative
I really enjoyed this 👍,positive
This does not work at all 🤬,negative
This made my day 👍,positive
Very unhappy with this 😡,negative
I really enjoyed this 👍,positive
This is terrible 💀,negative
This ruined my day 🤬,negative
Could not be happier 👍,positive
I really enjoyed this 😁,positive
Feeling great about this 😁,positive
Totally dissatisfied with this 😤,negative
So happy with the result 😍,positive
This ruined my day 🙄,negative
I regret trying this 🙄,negative
I regret trying this 🙄,negative
This ruined my day 😡,negative
This works perfectly 👍,positive
This is terrible 😞,negative
This does not work at all 👎,negative
I really enjoyed this 😁,positive
I really enjoyed this 💯,positive
This is amazing 😍,positive
This made my day 👌,positive
Totally dissatisfied with this 🙄,negative
So happy with the result 😍,positive
I absolutely hate this 🤬,negative
This was a waste of time 😡,negative
So disappointed with this 🤬,negative
Feeling awful about this 😤,negative
This is amazing 😁,positive
So happy with the result 😁,positive
I regret trying this 💀,negative
Totally satisfied with this 👌,positive
I regret trying this 😤,negative
I absolutely love this ✨,positive
I absolutely hate this 👎,negative
This works perfectly 😍,positive
I absolutely love this 💯,positive
Totally dissatisfied with this 😞,negative
I really enjoyed this 👌,positive
This does not work at all 😞,negative
Feeling great about this 👌,positive
This does not work at all 😞,negative
This works perfectly 👌,positive
Totally satisfied with this ✨,positive
Feeling awful about this 💀,negative
I absolutely love this 😊,positive
So happy with the result 😁,positive
Totally dissatisfied with this 😡,negative
I absolutely hate this 😡,negative
Feeling awful about this 😭,negative
I absolutely hate this 😤,negative
This ruined my day 👎,negative
So happy with the result 🔥,positive
Totally dissatisfied with this 😡,negative
Totally dissatisfied with this 👎,negative
So disappointed with this 👎,negative
This is amazing 🔥,positive
This was a waste of time 😤,negative
This ruined my day 💀,negative
Feeling awful about this 🙄,negative
Very unhappy with this 😞,negative
This is amazing 👌,positive
This is amazing 😁,positive
This exceeded my expectations 😍,positive
Totally satisfied with this 🔥,positive
This ruined my day 😡,negative
I absolutely hate this 💀,negative
Could not be happier 😁,positive
I really enjoyed this 👍,positive
Totally dissatisfied with this 😤,negative
I regret trying this 🙄,negative
This does not work at all 😭,negative
This exceeded my expectations 👍,positive
I really enjoyed this 😁,positive
Feeling great about this 💯,positive
This exceeded my expectations 👌,positive
I regret trying this 😡,negative
Could not be happier 😊,positive
Totally dissatisfied with this 😭,negative
This does not work at all 😭,negative
So disappointed with this 💀,negative
This is amazing 🔥,positive
This exceeded my expectations 🔥,positive
So disappointed with this 😞,negative
This is amazing 👌,positive
This exceeded my expectations 😍,positive
Feeling great about this 😊,positive
This exceeded my expectations 👍,positive
This made my day 👍,positive
So disappointed with this 🤬,negative
Could not be happier 👌,positive
This exceeded my expectations 👍,positive
This is terrible 💀,negative
Totally satisfied with this 😁,positive
This is terrible 🤬,negative
I really enjoyed this 🔥,positive
I regret trying this 😞,negative
I regret trying this 🤬,negative
This exceeded my expectations 👍,positive
Feeling great about this 😁,positive
This was a waste of time 👎,negative
Totally satisfied with this 👌,positive
This is amazing 💯,positive
This works perfectly 👍,positive
Could not be happier 👍,positive
This is terrible 👎,negative
So disappointed with this 💀,negative
This does not work at all 😭,negative
This made my day 😁,positive
I really enjoyed this 💯,positive
Totally satisfied with this 💯,positive
I regret trying this 💀,negative
This ruined my day 💀,negative
This ruined my day 😭,negative
This is terrible 😞,negative
Could not be happier 🔥,positive
This is amazing 🔥,positive
So happy with the result 💯,positive
Could not be happier 👌,positive
Feeling great about this 👍,positive
This works perfectly ✨,positive
I really enjoyed this 😊,positive
This was a waste of time 💀,negative
Feeling awful about this 😭,negative
Could not be happier 😊,positive
I absolutely hate this 😤,negative
This exceeded my expectations 👌,positive
This is amazing ✨,positive
This is amazing 🔥,positive
This does not work at all 😞,negative
So happy with the result 👍,positive
So happy with the result 🔥,positive
Very unhappy with this 💀,negative
I really enjoyed this ✨,positive
This works perfectly 🔥,positive
Feeling great about this 👍,positive
Very unhappy with this 👎,negative
Very unhappy with this 💀,negative
This does not work at all 😡,negative
I absolutely hate this 🙄,negative
I really enjoyed this 😍,positive
This works perfectly 💯,positive
So happy with the result 😍,positive
Totally satisfied with this 💯,positive
This exceeded my expectations ✨,positive
Totally satisfied with this 🔥,positive
This ruined my day 🙄,negative
Very unhappy with this 👎,negative
This does not work at all 😞,negative
Could not be happier 💯,positive
This works perfectly 😁,positive
So happy with the result 😁,positive
I really enjoyed this ✨,positive
This does not work at all 🙄,negative
This is amazing 😁,positive
This was a waste of time 🤬,negative
Totally satisfied with this 😊,positive
Very unhappy with this 👎,negative
This does not work at all 🤬,negative
Could not be happier 😊,positive
This does not work at all 💀,negative
This works perfectly 💯,positive
Very unhappy with this 🙄,negative
Very unhappy with this 🙄,negative
Feeling awful about this 💀,negative
Could not be happier 🔥,positive
I absolutely hate this 👎,negative
Totally dissatisfied with this 😡,negative
Could not be happier 👌,positive
Totally dissatisfied with this 🙄,negative
I really enjoyed this 😁,positive
I regret trying this 😤,negative
So happy with the result 🔥,positive
Feeling awful about this 🙄,negative
This works perfectly 💯,positive
This made my day 😍,positive
Feeling awful about this 🤬,negative
This was a waste of time 😞,negative
This exceeded my expectations 😍,positive
Totally satisfied with this 👌,positive
I absolutely love this ✨,positive
Totally dissatisfied with this 😞,negative
I absolutely hate this 😤,negative
This ruined my day 💀,negative
Feeling great about this 👍,positive
Totally satisfied with this 👍,positive
I absolutely hate this 😭,negative
Feeling awful about this 😡,negative
Very unhappy with this 👎,negative
This ruined my day 🤬,negative
Could not be happier 😊,positive
This is terrible 👎,negative
This is amazing 👍,positive
Could not be happier 😍,positive
So disappointed with this 😤,negative
Feeling awful about this 🤬,negative
So disappointed with this 😞,negative
This is amazing 😁,positive
Could not be happier 😁,positive
This made my day 😊,positive
This is terrible 😭,negative
I absolutely hate this 😤,negative
Totally dissatisfied with this 😡,negative
This was a waste of time 🤬,negative
I absolutely love this 😁,positive
I regret trying this 👎,negative
So happy with the result 😊,positive
Totally satisfied with this 👍,positive
Feeling awful about this 😤,negative
I absolutely hate this 🤬,negative
Very unhappy with this 😭,negative
So happy with the result 💯,positive
This made my day 👌,positive
This made my day 😊,positive
Could not be happier 👌,positive
Feeling awful about this 😡,negative
So disappointed with this 💀,negative
This does not work at all 🙄,negative
This ruined my day 😡,negative
This exceeded my expectations 😁,positive
This exceeded my expectations 😁,positive
I really enjoyed this 👌,positive
So happy with the result 😁,positive
Totally satisfied with this 😍,positive
This exceeded my expectations 😁,positive
So disappointed with this 😤,negative
This is terrible 😤,negative
Could not be happier 😁,positive
I really enjoyed this 👍,positive
This is amazing 😊,positive
This works perfectly ✨,positive
I absolutely hate this 👎,negative
I absolutely love this 💯,positive
This was a waste of time 😤,negative
I absolutely hate this 🤬,negative
I absolutely love this 😁,positive
This made my day 😍,positive
This is amazing 😊,positive
I absolutely hate this 💀,negative
I really enjoyed this 👌,positive
So disappointed with this 😤,negative
Feeling awful about this 😤,negative
This works perfectly 👍,positive
Feeling awful about this 🙄,negative
This ruined my day 💀,negative
This was a waste of time 👎,negative
This is amazing 👍,positive
Very unhappy with this 😡,negative
This ruined my day 👎,negative
Feeling great about this 💯,positive
This does not work at all 😭,negative
This ruined my day 😭,negative
Feeling great about this 😍,positive
This exceeded my expectations 😍,positive
Feeling awful about this 💀,negative
I absolutely hate this 😭,negative
I absolutely hate this 🙄,negative
Could not be happier ✨,positive
Feeling great about this 👍,positive
Feeling awful about this 😤,negative
This works perfectly 😊,positive
I absolutely hate this 😞,negative
Totally satisfied with this ✨,positive
This does not work at all 😤,negative
Very unhappy with this 😭,negative
This works perfectly 😁,positive
So happy with the result ✨,positive
This is terrible 💀,negative
This ruined my day 😤,negative
Could not be happier 😊,positive
Totally dissatisfied with this 😤,negative
I absolutely hate this 😞,negative
So happy with the result 👌,positive
This is terrible 💀,negative
Very unhappy with this 😞,negative
This is amazing 🔥,positive
Very unhappy with this 💀,negative
I absolutely hate this 😡,negative
I absolutely love this ✨,positive
This does not work at all 😭,negative
This is amazing ✨,positive
This is amazing 🔥,positive
Totally dissatisfied with this 😤,negative
This exceeded my expectations 👌,positive
This exceeded my expectations 👍,positive
This is terrible 😭,negative
I regret trying this 🙄,negative
Could not be happier 😍,positive
Very unhappy with this 🙄,negative
This works perfectly 👌,positive
This works perfectly 😊,positive
Could not be happier 👍,positive
Could not be happier 😁,positive
So disappointed with this 😤,negative
I really enjoyed this 👍,positive
This works perfectly 😍,positive
Feeling awful about this 😞,negative
Totally satisfied with this 🔥,positive
This exceeded my expectations ✨,positive
Very unhappy with this 🤬,negative
Totally satisfied with this ✨,positive
This is terrible 🙄,negative
This ruined my day 💀,negative
So disappointed with this 😤,negative
This made my day 😊,positive
I absolutely hate this 💀,negative
I absolutely love this ✨,positive
This was a waste of time 🙄,negative
So happy with the result ✨,positive
This made my day 😍,positive
So disappointed with this 😭,negative
This does not work at all 💀,negative
Totally satisfied with this 👍,positive
I absolutely love this 👌,positive
This was a waste of time 🙄,negative
This is terrible 😤,negative
Feeling awful about this 💀,negative
This ruined my day 👎,negative
Feeling great about this 😁,positive
Feeling awful about this 🙄,negative
Feeling awful about this 😞,negative
This made my day 😁,positive
I absolutely love this 😊,positive
So disappointed with this 😞,negative
This ruined my day 💀,negative
Totally dissatisfied with this 💀,negative
This exceeded my expectations 👍,positive
I regret trying this 🤬,negative
Feeling awful about this 😤,negative
This made my day 💯,positive
I really enjoyed this 👍,positive
So happy with the result ✨,positive
This works perfectly ✨,positive
This made my day ✨,positive
Could not be happier 😁,positive
Totally satisfied with this ✨,positive
This made my day 👌,positive
This works perfectly 😍,positive
This ruined my day 🤬,negative
Totally satisfied with this 😁,positive
Feeling awful about this 😡,negative
This made my day 😁,positive
Feeling great about this 👌,positive
I regret trying this 🙄,negative
This works perfectly 🔥,positive
I really enjoyed this 😍,positive
So disappointed with this 😡,negative
Feeling great about this 🔥,positive
This is terrible 🙄,negative
This is amazing 😍,positive
This exceeded my expectations 💯,positive
This is terrible 🤬,negative
Could not be happier 😁,positive
I regret trying this 💀,negative
I regret trying this 😭,negative
I regret trying this 💀,negative
Could not be happier 😁,positive
Totally dissatisfied with this 😡,negative
This was a waste of time 👎,negative
So happy with the result ✨,positive
This is terrible 😞,negative
This ruined my day 🤬,negative
Totally dissatisfied with this 😞,negative
So disappointed with this 😡,negative
I absolutely hate this 🤬,negative
This was a waste of time 😞,negative
This ruined my day 😡,negative
I absolutely hate this 😡,negative
This exceeded my expectations 💯,positive
This ruined my day 😞,negative
I really enjoyed this 😍,positive
This is terrible 👎,negative
I really enjoyed this 👌,positive
This is terrible 😤,negative
I absolutely hate this 🤬,negative
This ruined my day 😞,negative
So happy with the result 😁,positive
This was a waste of time 🙄,negative
This was a waste of time 😡,negative
So happy with the result 👌,positive
This does not work at all 💀,negative
Totally satisfied with this 😊,positive
This ruined my day 😤,negative
Feeling awful about this 🙄,negative
This ruined my day 🤬,negative
This was a waste of time 😤,negative
I absolutely love this ✨,positive
Feeling great about this 👌,positive
This works perfectly 👍,positive
This made my day ✨,positive
This made my day ✨,positive
Feeling great about this 💯,positive
This does not work at all 😡,negative
This is terrible 🙄,negative
This works perfectly 💯,positive
So disappointed with this 😭,negative
Feeling awful about this 😭,negative
This made my day ✨,positive
This exceeded my expectations 💯,positive
This ruined my day 😞,negative
Very unhappy with this 😤,negative
This is amazing ✨,positive
This ruined my day 😞,negative
Totally dissatisfied with this 🙄,negative
This ruined my day 🤬,negative
This was a waste of time 😞,negative
I really enjoyed this 💯,positive
I regret trying this 👎,negative
Feeling awful about this 😭,negative
This is terrible 🤬,negative
This made my day 👍,positive
I absolutely love this 😊,positive
Feeling awful about this 👎,negative
This made my day 😁,positive
This is terrible 🙄,negative
Feeling awful about this 🤬,negative
I absolutely love this 👌,positive
Totally satisfied with this 😍,positive
So disappointed with this 🤬,negative
This does not work at all 😭,negative
This exceeded my expectations 💯,positive
I regret trying this 😡,negative
This exceeded my expectations ✨,positive
This does not work at all 😤,negative
This made my day 💯,positive
Could not be happier 😍,positive
I really enjoyed this 😁,positive
Very unhappy with this 😤,negative
Totally dissatisfied with this 💀,negative
I absolutely hate this 😡,negative
I regret trying this 😭,negative
Very unhappy with this 😡,negative
This works perfectly 🔥,positive
Feeling great about this 👌,positive
This does not work at all 👎,negative
This is terrible 💀,negative
Could not be happier 😊,positive
So disappointed with this 🤬,negative
Feeling awful about this 😤,negative
This exceeded my expectations 👍,positive
